<?xml version="1.0" encoding="UTF-8"?>
<root>
  <item name="com.google.android.material.carousel.Carousel int getCarouselAlignment()">
    <annotation name="androidx.annotation.IntDef">
      <val name="value" val="{com.google.android.material.carousel.CarouselLayoutManager.ALIGNMENT_START, com.google.android.material.carousel.CarouselLayoutManager.ALIGNMENT_CENTER}" />
    </annotation>
  </item>
  <item name="com.google.android.material.carousel.CarouselLayoutManager carouselAlignment">
    <annotation name="androidx.annotation.IntDef">
      <val name="value" val="{com.google.android.material.carousel.CarouselLayoutManager.ALIGNMENT_START, com.google.android.material.carousel.CarouselLayoutManager.ALIGNMENT_CENTER}" />
    </annotation>
  </item>
  <item name="com.google.android.material.carousel.CarouselLayoutManager void setCarouselAlignment(int) 0">
    <annotation name="androidx.annotation.IntDef">
      <val name="value" val="{com.google.android.material.carousel.CarouselLayoutManager.ALIGNMENT_START, com.google.android.material.carousel.CarouselLayoutManager.ALIGNMENT_CENTER}" />
    </annotation>
  </item>
  <item name="com.google.android.material.carousel.CarouselStrategyHelper com.google.android.material.carousel.KeylineState createKeylineState(android.content.Context, float, float, com.google.android.material.carousel.Arrangement, int) 4">
    <annotation name="androidx.annotation.IntDef">
      <val name="value" val="{com.google.android.material.carousel.CarouselLayoutManager.ALIGNMENT_START, com.google.android.material.carousel.CarouselLayoutManager.ALIGNMENT_CENTER}" />
    </annotation>
  </item>
</root>

